{
  "hash": "afcd18fc",
  "configHash": "423038e4",
  "lockfileHash": "67ac56bc",
  "browserHash": "66973ffb",
  "optimized": {
    "@angular/common": {
      "src": "../../../../../../node_modules/@angular/common/fesm2022/common.mjs",
      "file": "@angular_common.js",
      "fileHash": "f1027b1e",
      "needsInterop": false
    },
    "@angular/common/http": {
      "src": "../../../../../../node_modules/@angular/common/fesm2022/http.mjs",
      "file": "@angular_common_http.js",
      "fileHash": "6ab50f82",
      "needsInterop": false
    },
    "@angular/core": {
      "src": "../../../../../../node_modules/@angular/core/fesm2022/core.mjs",
      "file": "@angular_core.js",
      "fileHash": "4f2bf7a9",
      "needsInterop": false
    },
    "@angular/forms": {
      "src": "../../../../../../node_modules/@angular/forms/fesm2022/forms.mjs",
      "file": "@angular_forms.js",
      "fileHash": "931dd5e7",
      "needsInterop": false
    },
    "@angular/platform-browser": {
      "src": "../../../../../../node_modules/@angular/platform-browser/fesm2022/platform-browser.mjs",
      "file": "@angular_platform-browser.js",
      "fileHash": "da1fe715",
      "needsInterop": false
    },
    "@angular/platform-browser/animations": {
      "src": "../../../../../../node_modules/@angular/platform-browser/fesm2022/animations.mjs",
      "file": "@angular_platform-browser_animations.js",
      "fileHash": "5e15fdbb",
      "needsInterop": false
    },
    "@angular/router": {
      "src": "../../../../../../node_modules/@angular/router/fesm2022/router.mjs",
      "file": "@angular_router.js",
      "fileHash": "ef14179b",
      "needsInterop": false
    },
    "ng-zorro-antd/button": {
      "src": "../../../../../../node_modules/ng-zorro-antd/fesm2022/ng-zorro-antd-button.mjs",
      "file": "ng-zorro-antd_button.js",
      "fileHash": "00527493",
      "needsInterop": false
    },
    "ng-zorro-antd/checkbox": {
      "src": "../../../../../../node_modules/ng-zorro-antd/fesm2022/ng-zorro-antd-checkbox.mjs",
      "file": "ng-zorro-antd_checkbox.js",
      "fileHash": "7e3de61c",
      "needsInterop": false
    },
    "ng-zorro-antd/core/transition-patch": {
      "src": "../../../../../../node_modules/ng-zorro-antd/fesm2022/ng-zorro-antd-core-transition-patch.mjs",
      "file": "ng-zorro-antd_core_transition-patch.js",
      "fileHash": "a6a8c62d",
      "needsInterop": false
    },
    "ng-zorro-antd/core/wave": {
      "src": "../../../../../../node_modules/ng-zorro-antd/fesm2022/ng-zorro-antd-core-wave.mjs",
      "file": "ng-zorro-antd_core_wave.js",
      "fileHash": "eb220a33",
      "needsInterop": false
    },
    "ng-zorro-antd/form": {
      "src": "../../../../../../node_modules/ng-zorro-antd/fesm2022/ng-zorro-antd-form.mjs",
      "file": "ng-zorro-antd_form.js",
      "fileHash": "efdb8d75",
      "needsInterop": false
    },
    "ng-zorro-antd/grid": {
      "src": "../../../../../../node_modules/ng-zorro-antd/fesm2022/ng-zorro-antd-grid.mjs",
      "file": "ng-zorro-antd_grid.js",
      "fileHash": "c077ac8d",
      "needsInterop": false
    },
    "ng-zorro-antd/icon": {
      "src": "../../../../../../node_modules/ng-zorro-antd/fesm2022/ng-zorro-antd-icon.mjs",
      "file": "ng-zorro-antd_icon.js",
      "fileHash": "75d8abfe",
      "needsInterop": false
    },
    "ng-zorro-antd/input": {
      "src": "../../../../../../node_modules/ng-zorro-antd/fesm2022/ng-zorro-antd-input.mjs",
      "file": "ng-zorro-antd_input.js",
      "fileHash": "de529a49",
      "needsInterop": false
    },
    "ng-zorro-antd/layout": {
      "src": "../../../../../../node_modules/ng-zorro-antd/fesm2022/ng-zorro-antd-layout.mjs",
      "file": "ng-zorro-antd_layout.js",
      "fileHash": "3fb8516c",
      "needsInterop": false
    },
    "ng-zorro-antd/menu": {
      "src": "../../../../../../node_modules/ng-zorro-antd/fesm2022/ng-zorro-antd-menu.mjs",
      "file": "ng-zorro-antd_menu.js",
      "fileHash": "fc202421",
      "needsInterop": false
    },
    "ng-zorro-antd/notification": {
      "src": "../../../../../../node_modules/ng-zorro-antd/fesm2022/ng-zorro-antd-notification.mjs",
      "file": "ng-zorro-antd_notification.js",
      "fileHash": "149fc4e5",
      "needsInterop": false
    },
    "ng-zorro-antd/select": {
      "src": "../../../../../../node_modules/ng-zorro-antd/fesm2022/ng-zorro-antd-select.mjs",
      "file": "ng-zorro-antd_select.js",
      "fileHash": "7cbe6b8f",
      "needsInterop": false
    },
    "ng-zorro-antd/spin": {
      "src": "../../../../../../node_modules/ng-zorro-antd/fesm2022/ng-zorro-antd-spin.mjs",
      "file": "ng-zorro-antd_spin.js",
      "fileHash": "5949e254",
      "needsInterop": false
    },
    "ng-zorro-antd/upload": {
      "src": "../../../../../../node_modules/ng-zorro-antd/fesm2022/ng-zorro-antd-upload.mjs",
      "file": "ng-zorro-antd_upload.js",
      "fileHash": "3b4b7414",
      "needsInterop": false
    },
    "rxjs": {
      "src": "../../../../../../node_modules/rxjs/dist/esm5/index.js",
      "file": "rxjs.js",
      "fileHash": "61ccb347",
      "needsInterop": false
    }
  },
  "chunks": {
    "chunk-2HYX5I7J": {
      "file": "chunk-2HYX5I7J.js"
    },
    "chunk-6VSVHZ2K": {
      "file": "chunk-6VSVHZ2K.js"
    },
    "chunk-IEY3GRCW": {
      "file": "chunk-IEY3GRCW.js"
    },
    "chunk-AN3SVU4C": {
      "file": "chunk-AN3SVU4C.js"
    },
    "chunk-BPLJJMCH": {
      "file": "chunk-BPLJJMCH.js"
    },
    "chunk-7KFNFGTR": {
      "file": "chunk-7KFNFGTR.js"
    },
    "chunk-W4YSZKJM": {
      "file": "chunk-W4YSZKJM.js"
    },
    "chunk-VBSFKJHH": {
      "file": "chunk-VBSFKJHH.js"
    },
    "chunk-ZOV4WC4V": {
      "file": "chunk-ZOV4WC4V.js"
    },
    "chunk-JQZRAYLI": {
      "file": "chunk-JQZRAYLI.js"
    },
    "chunk-5LBX6EU6": {
      "file": "chunk-5LBX6EU6.js"
    },
    "chunk-KMRU2LBF": {
      "file": "chunk-KMRU2LBF.js"
    },
    "chunk-6A4MZDQ3": {
      "file": "chunk-6A4MZDQ3.js"
    },
    "chunk-WJPQ6MU2": {
      "file": "chunk-WJPQ6MU2.js"
    },
    "chunk-F3467ZIC": {
      "file": "chunk-F3467ZIC.js"
    },
    "chunk-M45PAUQP": {
      "file": "chunk-M45PAUQP.js"
    },
    "chunk-EM2DYGSL": {
      "file": "chunk-EM2DYGSL.js"
    },
    "chunk-2MTRCEC6": {
      "file": "chunk-2MTRCEC6.js"
    },
    "chunk-UFIYT4PA": {
      "file": "chunk-UFIYT4PA.js"
    },
    "chunk-FD3NGQXN": {
      "file": "chunk-FD3NGQXN.js"
    },
    "chunk-LH6WW2JG": {
      "file": "chunk-LH6WW2JG.js"
    },
    "chunk-6FG3DDGR": {
      "file": "chunk-6FG3DDGR.js"
    },
    "chunk-XVSRAJS7": {
      "file": "chunk-XVSRAJS7.js"
    },
    "chunk-UJ3LEH7R": {
      "file": "chunk-UJ3LEH7R.js"
    },
    "chunk-7ABNV2KD": {
      "file": "chunk-7ABNV2KD.js"
    },
    "chunk-LMFBQDEL": {
      "file": "chunk-LMFBQDEL.js"
    },
    "chunk-IG3F35GS": {
      "file": "chunk-IG3F35GS.js"
    },
    "chunk-XY3PCWZ3": {
      "file": "chunk-XY3PCWZ3.js"
    },
    "chunk-EOOAREXX": {
      "file": "chunk-EOOAREXX.js"
    },
    "chunk-OUAVWW6Y": {
      "file": "chunk-OUAVWW6Y.js"
    }
  }
}