{
  "hash": "00bec1dd",
  "configHash": "e44d5edf",
  "lockfileHash": "67ac56bc",
  "browserHash": "7e16be38",
  "optimized": {
    "@angular/common": {
      "src": "../../../../../../node_modules/@angular/common/fesm2022/common.mjs",
      "file": "@angular_common.js",
      "fileHash": "964c9138",
      "needsInterop": false
    },
    "@angular/common/http": {
      "src": "../../../../../../node_modules/@angular/common/fesm2022/http.mjs",
      "file": "@angular_common_http.js",
      "fileHash": "b17c9c05",
      "needsInterop": false
    },
    "@angular/common/locales/en": {
      "src": "../../../../../../node_modules/@angular/common/locales/en.mjs",
      "file": "@angular_common_locales_en.js",
      "fileHash": "a18f453a",
      "needsInterop": false
    },
    "@angular/core": {
      "src": "../../../../../../node_modules/@angular/core/fesm2022/core.mjs",
      "file": "@angular_core.js",
      "fileHash": "22c3c932",
      "needsInterop": false
    },
    "@angular/forms": {
      "src": "../../../../../../node_modules/@angular/forms/fesm2022/forms.mjs",
      "file": "@angular_forms.js",
      "fileHash": "c553852d",
      "needsInterop": false
    },
    "@angular/platform-browser": {
      "src": "../../../../../../node_modules/@angular/platform-browser/fesm2022/platform-browser.mjs",
      "file": "@angular_platform-browser.js",
      "fileHash": "46e8c727",
      "needsInterop": false
    },
    "@angular/platform-browser/animations/async": {
      "src": "../../../../../../node_modules/@angular/platform-browser/fesm2022/animations/async.mjs",
      "file": "@angular_platform-browser_animations_async.js",
      "fileHash": "75ce8781",
      "needsInterop": false
    },
    "@angular/platform-server": {
      "src": "../../../../../../node_modules/@angular/platform-server/fesm2022/platform-server.mjs",
      "file": "@angular_platform-server.js",
      "fileHash": "0d6d2c17",
      "needsInterop": false
    },
    "@angular/router": {
      "src": "../../../../../../node_modules/@angular/router/fesm2022/router.mjs",
      "file": "@angular_router.js",
      "fileHash": "40f15181",
      "needsInterop": false
    },
    "@angular/ssr": {
      "src": "../../../../../../node_modules/@angular/ssr/fesm2022/ssr.mjs",
      "file": "@angular_ssr.js",
      "fileHash": "91a13ead",
      "needsInterop": false
    },
    "@angular/ssr/node": {
      "src": "../../../../../../node_modules/@angular/ssr/fesm2022/node.mjs",
      "file": "@angular_ssr_node.js",
      "fileHash": "d60ebba7",
      "needsInterop": false
    },
    "express": {
      "src": "../../../../../../node_modules/express/index.js",
      "file": "express.js",
      "fileHash": "1e6fe8c8",
      "needsInterop": true
    },
    "ng-zorro-antd/button": {
      "src": "../../../../../../node_modules/ng-zorro-antd/fesm2022/ng-zorro-antd-button.mjs",
      "file": "ng-zorro-antd_button.js",
      "fileHash": "ea71219b",
      "needsInterop": false
    },
    "ng-zorro-antd/checkbox": {
      "src": "../../../../../../node_modules/ng-zorro-antd/fesm2022/ng-zorro-antd-checkbox.mjs",
      "file": "ng-zorro-antd_checkbox.js",
      "fileHash": "cf6b8f85",
      "needsInterop": false
    },
    "ng-zorro-antd/core/transition-patch": {
      "src": "../../../../../../node_modules/ng-zorro-antd/fesm2022/ng-zorro-antd-core-transition-patch.mjs",
      "file": "ng-zorro-antd_core_transition-patch.js",
      "fileHash": "27849cfe",
      "needsInterop": false
    },
    "ng-zorro-antd/core/wave": {
      "src": "../../../../../../node_modules/ng-zorro-antd/fesm2022/ng-zorro-antd-core-wave.mjs",
      "file": "ng-zorro-antd_core_wave.js",
      "fileHash": "883769c3",
      "needsInterop": false
    },
    "ng-zorro-antd/form": {
      "src": "../../../../../../node_modules/ng-zorro-antd/fesm2022/ng-zorro-antd-form.mjs",
      "file": "ng-zorro-antd_form.js",
      "fileHash": "b0a93bfb",
      "needsInterop": false
    },
    "ng-zorro-antd/grid": {
      "src": "../../../../../../node_modules/ng-zorro-antd/fesm2022/ng-zorro-antd-grid.mjs",
      "file": "ng-zorro-antd_grid.js",
      "fileHash": "87537cfa",
      "needsInterop": false
    },
    "ng-zorro-antd/i18n": {
      "src": "../../../../../../node_modules/ng-zorro-antd/fesm2022/ng-zorro-antd-i18n.mjs",
      "file": "ng-zorro-antd_i18n.js",
      "fileHash": "728925b7",
      "needsInterop": false
    },
    "ng-zorro-antd/icon": {
      "src": "../../../../../../node_modules/ng-zorro-antd/fesm2022/ng-zorro-antd-icon.mjs",
      "file": "ng-zorro-antd_icon.js",
      "fileHash": "9b13714e",
      "needsInterop": false
    },
    "ng-zorro-antd/input": {
      "src": "../../../../../../node_modules/ng-zorro-antd/fesm2022/ng-zorro-antd-input.mjs",
      "file": "ng-zorro-antd_input.js",
      "fileHash": "e3f1933a",
      "needsInterop": false
    },
    "ng-zorro-antd/layout": {
      "src": "../../../../../../node_modules/ng-zorro-antd/fesm2022/ng-zorro-antd-layout.mjs",
      "file": "ng-zorro-antd_layout.js",
      "fileHash": "a4307cad",
      "needsInterop": false
    },
    "ng-zorro-antd/menu": {
      "src": "../../../../../../node_modules/ng-zorro-antd/fesm2022/ng-zorro-antd-menu.mjs",
      "file": "ng-zorro-antd_menu.js",
      "fileHash": "300551f1",
      "needsInterop": false
    },
    "ng-zorro-antd/notification": {
      "src": "../../../../../../node_modules/ng-zorro-antd/fesm2022/ng-zorro-antd-notification.mjs",
      "file": "ng-zorro-antd_notification.js",
      "fileHash": "a1aef6b0",
      "needsInterop": false
    },
    "ng-zorro-antd/select": {
      "src": "../../../../../../node_modules/ng-zorro-antd/fesm2022/ng-zorro-antd-select.mjs",
      "file": "ng-zorro-antd_select.js",
      "fileHash": "c270c450",
      "needsInterop": false
    },
    "ng-zorro-antd/spin": {
      "src": "../../../../../../node_modules/ng-zorro-antd/fesm2022/ng-zorro-antd-spin.mjs",
      "file": "ng-zorro-antd_spin.js",
      "fileHash": "74a82e37",
      "needsInterop": false
    },
    "ng-zorro-antd/upload": {
      "src": "../../../../../../node_modules/ng-zorro-antd/fesm2022/ng-zorro-antd-upload.mjs",
      "file": "ng-zorro-antd_upload.js",
      "fileHash": "9f456eca",
      "needsInterop": false
    },
    "rxjs": {
      "src": "../../../../../../node_modules/rxjs/dist/cjs/index.js",
      "file": "rxjs.js",
      "fileHash": "8c7fb032",
      "needsInterop": true
    }
  },
  "chunks": {
    "browser-5AW77JN6": {
      "file": "browser-5AW77JN6.js"
    },
    "xhr2-TXIMV6CV": {
      "file": "xhr2-TXIMV6CV.js"
    },
    "chunk-NL3HR5QB": {
      "file": "chunk-NL3HR5QB.js"
    },
    "chunk-LEWYYEBN": {
      "file": "chunk-LEWYYEBN.js"
    },
    "chunk-B5TY6MOB": {
      "file": "chunk-B5TY6MOB.js"
    },
    "chunk-3ZUL5RSN": {
      "file": "chunk-3ZUL5RSN.js"
    },
    "chunk-R4DPTARM": {
      "file": "chunk-R4DPTARM.js"
    },
    "chunk-HE6AEYQL": {
      "file": "chunk-HE6AEYQL.js"
    },
    "chunk-MGG3AU3T": {
      "file": "chunk-MGG3AU3T.js"
    },
    "chunk-NHXPCDBB": {
      "file": "chunk-NHXPCDBB.js"
    },
    "chunk-7XNUTZPA": {
      "file": "chunk-7XNUTZPA.js"
    },
    "chunk-TDCD7F75": {
      "file": "chunk-TDCD7F75.js"
    },
    "chunk-MSOTWGW6": {
      "file": "chunk-MSOTWGW6.js"
    },
    "chunk-YVRLC3EC": {
      "file": "chunk-YVRLC3EC.js"
    },
    "chunk-WB2FIIKI": {
      "file": "chunk-WB2FIIKI.js"
    },
    "chunk-5STW6AP7": {
      "file": "chunk-5STW6AP7.js"
    },
    "chunk-ZYVUFXUJ": {
      "file": "chunk-ZYVUFXUJ.js"
    },
    "chunk-SDZHN4TV": {
      "file": "chunk-SDZHN4TV.js"
    },
    "chunk-KO6QBMNS": {
      "file": "chunk-KO6QBMNS.js"
    },
    "chunk-B2WI67Z2": {
      "file": "chunk-B2WI67Z2.js"
    },
    "chunk-3ODOAY6X": {
      "file": "chunk-3ODOAY6X.js"
    },
    "chunk-BVILCHJ6": {
      "file": "chunk-BVILCHJ6.js"
    },
    "chunk-B54SZBFR": {
      "file": "chunk-B54SZBFR.js"
    },
    "chunk-FE2PP5WW": {
      "file": "chunk-FE2PP5WW.js"
    },
    "chunk-VTN3VWY5": {
      "file": "chunk-VTN3VWY5.js"
    },
    "chunk-5V3QVRMM": {
      "file": "chunk-5V3QVRMM.js"
    },
    "chunk-YG2S5WPC": {
      "file": "chunk-YG2S5WPC.js"
    },
    "chunk-6OAIRWET": {
      "file": "chunk-6OAIRWET.js"
    },
    "chunk-L3CIX3NK": {
      "file": "chunk-L3CIX3NK.js"
    },
    "chunk-ZHUQH5P4": {
      "file": "chunk-ZHUQH5P4.js"
    },
    "chunk-ALPVF5BG": {
      "file": "chunk-ALPVF5BG.js"
    },
    "chunk-PENRMRG4": {
      "file": "chunk-PENRMRG4.js"
    },
    "chunk-62NU2IYY": {
      "file": "chunk-62NU2IYY.js"
    },
    "chunk-J5O3A5ZH": {
      "file": "chunk-J5O3A5ZH.js"
    },
    "chunk-IINFVMXG": {
      "file": "chunk-IINFVMXG.js"
    },
    "chunk-GZUVJ63M": {
      "file": "chunk-GZUVJ63M.js"
    },
    "chunk-T4XHMJL2": {
      "file": "chunk-T4XHMJL2.js"
    },
    "chunk-YHCV7DAQ": {
      "file": "chunk-YHCV7DAQ.js"
    }
  }
}